Godina,1982.5
Palic,556.39
Sombor,597.18
Novi Sad,621.67
Zrenjanin,579.19
Kikinda,552.97
Banatski Karlovci,629.54
Loznica,829.19
Sremska Mitrovica,619.81
Valjevo,783.92
Beograd,693.79
Kragujevac,638.18
Smederevska Palanka,646.11
Veliko Gradiste,670.16
Crni vrh,792.39
Negotin,648.7
Zlatibor,965.56
Sjenica,731.79
Pozega,753.85
Kraljevo,755.57
Kopaonik,767.65
Kursumlija,646.29
Krusevac,651.99
Cuprija,660.14
Nis,586.99
Leskovac,624.95
Zajecar,610.25
Dimitrovgrad,641.0
Vranje,608.88
Unnamed: 29,0.0
Unnamed: 30,0.0
Unnamed: 31,0.0
