Banatski Karlovci;629.5;141.6;22.5
Beograd;693.8;137.2;19.8
Crni vrh;792.4;155.5;19.6
Cuprija;660.1;125.6;19
Dimitrovgrad;641;123.6;19.3
Kikinda;553;123.7;22.4
Kopaonik;767.7;247.2;32.2
Kragujevac;638.2;117;18.3
Kraljevo;755.6;137.5;18.2
Krusevac;652;139.7;21.4
Kursumlija;646.3;135.1;20.9
Leskovac;625;114;18.2
Loznica;829.2;143.8;17.3
Negotin;648.7;146.1;22.5
Nis;587;116.2;19.8
Novi Sad;621.7;151;24.3
Palic;556.4;118;21.2
Pozega;753.8;141.6;18.8
Sjenica;731.8;138.8;19
Smederevska Palanka;646.1;124.4;19.2
Sombor;597.2;128.1;21.4
Sremska Mitrovica;619.8;119.3;19.3
Valjevo;783.9;145.6;18.6
Veliko Gradiste;670.2;142.5;21.3
Vranje;608.9;117.7;19.3
Zajecar;610.3;125.1;20.5
Zlatibor;965.6;167.4;17.3
Zrenjanin;579.2;122.6;21.2
